Responsibility Key,Responsibility,Requirement Key,Requirement,bert_score_precision,soft_similarity,word_movers_distance,deberta_entailment_score,bert_score_precision_cat,soft_similarity_cat,word_movers_distance_cat,deberta_entailment_score_cat
0.responsibilities.0,"Provided strategic insights to a major global IT vendor, optimizing their service partner ecosystem in Asia Pacific for improved local implementation outcomes.",1.down_to_earth.0,"Bachelor's degree in Computer Science, Computer Engineering or a technical field",0.8231856822967529,0.12588204443454742,5.0990195135927845,0.023560315370559692,Medium,Low,Medium,Low
0.responsibilities.0,"Provided strategic insights to a major global IT vendor, optimizing their service partner ecosystem in Asia Pacific for improved local implementation outcomes.",1.down_to_earth.1,"At least 8 years of experience programming with Python, Go, Scala, or C/C++",0.8213584423065186,0.1238446906208992,4.58257569495584,0.016332456842064857,Medium,Low,Medium,Low
0.responsibilities.0,"Provided strategic insights to a major global IT vendor, optimizing their service partner ecosystem in Asia Pacific for improved local implementation outcomes.",1.down_to_earth.2,At least 5 years of experience designing and building and deploying enterprise AI or ML applications.,0.8346491456031799,0.27643802762031555,5.0,0.006439569406211376,Medium,Medium,Medium,Low
0.responsibilities.0,"Provided strategic insights to a major global IT vendor, optimizing their service partner ecosystem in Asia Pacific for improved local implementation outcomes.",2.other.0,Develop abstracted platform services to support applications powered by Generative AI,0.8521077036857605,0.12156543135643005,5.0,0.025233525782823563,High,Low,Medium,Low
0.responsibilities.0,"Provided strategic insights to a major global IT vendor, optimizing their service partner ecosystem in Asia Pacific for improved local implementation outcomes.",2.other.1,"Develop SDKs and APIs for our user community to power a wide range of applications such as information retrieval, fraud detection, AI Assistants, recommendations on our Gen AI platform.",0.8406199216842651,0.2130725085735321,6.082762530298219,0.035220079123973846,Medium,Medium,Medium,Low
0.responsibilities.0,"Provided strategic insights to a major global IT vendor, optimizing their service partner ecosystem in Asia Pacific for improved local implementation outcomes.",2.other.2,"Design and build RAG service platform orchestrations including prompt engineering, guardrails, vector databases, API Grounding",0.8339353799819946,0.2909279763698578,5.291502622129181,0.006705944426357746,Medium,Medium,Medium,Low
0.responsibilities.0,"Provided strategic insights to a major global IT vendor, optimizing their service partner ecosystem in Asia Pacific for improved local implementation outcomes.",2.other.3,Build out a Prompt management service via cross organizational partnerships,0.8465535640716553,0.3777274489402771,4.58257569495584,0.05760493129491806,Medium,Medium,Medium,Low
0.responsibilities.0,"Provided strategic insights to a major global IT vendor, optimizing their service partner ecosystem in Asia Pacific for improved local implementation outcomes.",2.other.4,Stay up-to-date with latest advancements in operationalization of machine learning and GenAI Technologies,0.8307825922966003,0.13203291594982147,5.0,0.02641189470887184,Medium,Low,Medium,Low
0.responsibilities.0,"Provided strategic insights to a major global IT vendor, optimizing their service partner ecosystem in Asia Pacific for improved local implementation outcomes.",2.other.5,Design and implement capabilities to support MLOps for foundation models.,0.8409167528152466,0.23872670531272888,4.795831523312719,0.09743387252092361,Medium,Medium,Medium,Low
0.responsibilities.1,Assisted a U.S.-based international services provider in its growth strategy by precisely evaluating and scaling new engineering service opportunities in vital emerging markets.,1.down_to_earth.0,"Bachelor's degree in Computer Science, Computer Engineering or a technical field",0.8206149339675903,0.13410641252994537,5.0,0.0439675897359848,Medium,Low,Medium,Low
0.responsibilities.1,Assisted a U.S.-based international services provider in its growth strategy by precisely evaluating and scaling new engineering service opportunities in vital emerging markets.,1.down_to_earth.1,"At least 8 years of experience programming with Python, Go, Scala, or C/C++",0.8207582235336304,0.15157121419906616,4.69041575982343,0.012916979379951954,Medium,Low,Medium,Low
0.responsibilities.1,Assisted a U.S.-based international services provider in its growth strategy by precisely evaluating and scaling new engineering service opportunities in vital emerging markets.,1.down_to_earth.2,At least 5 years of experience designing and building and deploying enterprise AI or ML applications.,0.8358321785926819,0.32704636454582214,5.0990195135927845,0.01139394287019968,Medium,Medium,Medium,Low
0.responsibilities.1,Assisted a U.S.-based international services provider in its growth strategy by precisely evaluating and scaling new engineering service opportunities in vital emerging markets.,2.other.0,Develop abstracted platform services to support applications powered by Generative AI,0.8375451564788818,0.23780469596385956,4.898979485566356,0.04551021382212639,Medium,Medium,Medium,Low
0.responsibilities.1,Assisted a U.S.-based international services provider in its growth strategy by precisely evaluating and scaling new engineering service opportunities in vital emerging markets.,2.other.1,"Develop SDKs and APIs for our user community to power a wide range of applications such as information retrieval, fraud detection, AI Assistants, recommendations on our Gen AI platform.",0.8317633867263794,0.2097504734992981,6.164414002968976,0.09174817055463791,Medium,Medium,Medium,Low
0.responsibilities.1,Assisted a U.S.-based international services provider in its growth strategy by precisely evaluating and scaling new engineering service opportunities in vital emerging markets.,2.other.2,"Design and build RAG service platform orchestrations including prompt engineering, guardrails, vector databases, API Grounding",0.8277847766876221,0.2629101276397705,5.196152422706632,0.026497086510062218,Medium,Medium,Medium,Low
0.responsibilities.1,Assisted a U.S.-based international services provider in its growth strategy by precisely evaluating and scaling new engineering service opportunities in vital emerging markets.,2.other.3,Build out a Prompt management service via cross organizational partnerships,0.8385003209114075,0.3214517831802368,4.69041575982343,0.04971422255039215,Medium,Medium,Medium,Low
0.responsibilities.1,Assisted a U.S.-based international services provider in its growth strategy by precisely evaluating and scaling new engineering service opportunities in vital emerging markets.,2.other.4,Stay up-to-date with latest advancements in operationalization of machine learning and GenAI Technologies,0.8261568546295166,0.19973738491535187,5.0990195135927845,0.08867796510457993,Medium,Low,Medium,Low
0.responsibilities.1,Assisted a U.S.-based international services provider in its growth strategy by precisely evaluating and scaling new engineering service opportunities in vital emerging markets.,2.other.5,Design and implement capabilities to support MLOps for foundation models.,0.8300011157989502,0.21017220616340637,4.898979485566356,0.22157053649425507,Medium,Medium,Medium,Medium
0.responsibilities.2,"Co-authored an industry-recognized report on M&A in the engineering services sector, offering deep dives into deal sizes, capability gaps, and emerging opportunities, influencing strategic decisions in IT and operational technology convergence.",1.down_to_earth.0,"Bachelor's degree in Computer Science, Computer Engineering or a technical field",0.8256577849388123,0.23465827107429504,5.5677643628300215,0.06598582863807678,Medium,Medium,Medium,Low
0.responsibilities.2,"Co-authored an industry-recognized report on M&A in the engineering services sector, offering deep dives into deal sizes, capability gaps, and emerging opportunities, influencing strategic decisions in IT and operational technology convergence.",1.down_to_earth.1,"At least 8 years of experience programming with Python, Go, Scala, or C/C++",0.8242793083190918,0.17127753794193268,5.291502622129181,0.0960683599114418,Medium,Low,Medium,Low
0.responsibilities.2,"Co-authored an industry-recognized report on M&A in the engineering services sector, offering deep dives into deal sizes, capability gaps, and emerging opportunities, influencing strategic decisions in IT and operational technology convergence.",1.down_to_earth.2,At least 5 years of experience designing and building and deploying enterprise AI or ML applications.,0.8316512107849121,0.3275817334651947,5.656854249492381,0.04712111875414848,Medium,Medium,Medium,Low
0.responsibilities.2,"Co-authored an industry-recognized report on M&A in the engineering services sector, offering deep dives into deal sizes, capability gaps, and emerging opportunities, influencing strategic decisions in IT and operational technology convergence.",2.other.0,Develop abstracted platform services to support applications powered by Generative AI,0.8364875316619873,0.18735945224761963,5.477225575051661,0.039140354841947556,Medium,Low,Medium,Low
0.responsibilities.2,"Co-authored an industry-recognized report on M&A in the engineering services sector, offering deep dives into deal sizes, capability gaps, and emerging opportunities, influencing strategic decisions in IT and operational technology convergence.",2.other.1,"Develop SDKs and APIs for our user community to power a wide range of applications such as information retrieval, fraud detection, AI Assistants, recommendations on our Gen AI platform.",0.8339816927909851,0.18042375147342682,6.6332495807108,0.027363507077097893,Medium,Low,Medium,Low
0.responsibilities.2,"Co-authored an industry-recognized report on M&A in the engineering services sector, offering deep dives into deal sizes, capability gaps, and emerging opportunities, influencing strategic decisions in IT and operational technology convergence.",2.other.2,"Design and build RAG service platform orchestrations including prompt engineering, guardrails, vector databases, API Grounding",0.8339324593544006,0.33764439821243286,5.916079783099616,0.027905458584427834,Medium,Medium,Medium,Low
0.responsibilities.2,"Co-authored an industry-recognized report on M&A in the engineering services sector, offering deep dives into deal sizes, capability gaps, and emerging opportunities, influencing strategic decisions in IT and operational technology convergence.",2.other.3,Build out a Prompt management service via cross organizational partnerships,0.8349554538726807,0.37415778636932373,5.477225575051661,0.06754209846258163,Medium,Medium,Medium,Low
0.responsibilities.2,"Co-authored an industry-recognized report on M&A in the engineering services sector, offering deep dives into deal sizes, capability gaps, and emerging opportunities, influencing strategic decisions in IT and operational technology convergence.",2.other.4,Stay up-to-date with latest advancements in operationalization of machine learning and GenAI Technologies,0.8381162285804749,0.27145037055015564,5.656854249492381,0.025517160072922707,Medium,Medium,Medium,Low
0.responsibilities.2,"Co-authored an industry-recognized report on M&A in the engineering services sector, offering deep dives into deal sizes, capability gaps, and emerging opportunities, influencing strategic decisions in IT and operational technology convergence.",2.other.5,Design and implement capabilities to support MLOps for foundation models.,0.8357412815093994,0.2887561321258545,5.477225575051661,0.12597931921482086,Medium,Medium,Medium,Low
0.responsibilities.3,"Enhanced data quality and consistency by integrating thorough financial analysis, standardizing methodologies, and conducting in-depth vendor engagements.",1.down_to_earth.0,"Bachelor's degree in Computer Science, Computer Engineering or a technical field",0.832529604434967,0.04217468574643135,4.898979485566356,0.03136979043483734,Medium,Low,Medium,Low
0.responsibilities.3,"Enhanced data quality and consistency by integrating thorough financial analysis, standardizing methodologies, and conducting in-depth vendor engagements.",1.down_to_earth.1,"At least 8 years of experience programming with Python, Go, Scala, or C/C++",0.8345974087715149,0.04034387320280075,4.358898943540674,0.06386657059192657,Medium,Low,Medium,Low
0.responsibilities.3,"Enhanced data quality and consistency by integrating thorough financial analysis, standardizing methodologies, and conducting in-depth vendor engagements.",1.down_to_earth.2,At least 5 years of experience designing and building and deploying enterprise AI or ML applications.,0.8428076505661011,0.18840107321739197,4.795831523312719,0.02193181775510311,Medium,Low,Medium,Low
0.responsibilities.3,"Enhanced data quality and consistency by integrating thorough financial analysis, standardizing methodologies, and conducting in-depth vendor engagements.",2.other.0,Develop abstracted platform services to support applications powered by Generative AI,0.849885106086731,0.013627821579575539,4.795831523312719,0.04392139986157417,Medium,Low,Medium,Low
0.responsibilities.3,"Enhanced data quality and consistency by integrating thorough financial analysis, standardizing methodologies, and conducting in-depth vendor engagements.",2.other.1,"Develop SDKs and APIs for our user community to power a wide range of applications such as information retrieval, fraud detection, AI Assistants, recommendations on our Gen AI platform.",0.853857696056366,0.10689808428287506,5.916079783099616,0.028996678069233894,High,Low,Medium,Low
0.responsibilities.3,"Enhanced data quality and consistency by integrating thorough financial analysis, standardizing methodologies, and conducting in-depth vendor engagements.",2.other.2,"Design and build RAG service platform orchestrations including prompt engineering, guardrails, vector databases, API Grounding",0.8527147769927979,0.10176241397857666,5.291502622129181,0.02732587791979313,High,Low,Medium,Low
0.responsibilities.3,"Enhanced data quality and consistency by integrating thorough financial analysis, standardizing methodologies, and conducting in-depth vendor engagements.",2.other.3,Build out a Prompt management service via cross organizational partnerships,0.856489896774292,0.20245349407196045,4.58257569495584,0.08099232614040375,High,Medium,Medium,Low
0.responsibilities.3,"Enhanced data quality and consistency by integrating thorough financial analysis, standardizing methodologies, and conducting in-depth vendor engagements.",2.other.4,Stay up-to-date with latest advancements in operationalization of machine learning and GenAI Technologies,0.8481431603431702,0.1238965317606926,4.795831523312719,0.03427989408373833,Medium,Low,Medium,Low
0.responsibilities.3,"Enhanced data quality and consistency by integrating thorough financial analysis, standardizing methodologies, and conducting in-depth vendor engagements.",2.other.5,Design and implement capabilities to support MLOps for foundation models.,0.8496338129043579,0.14813852310180664,4.58257569495584,0.21744777262210846,Medium,Low,Medium,Medium
0.responsibilities.4,"Achieved over 40% centralization of tasks to an offshore team in India, optimizing resource allocation.",1.down_to_earth.0,"Bachelor's degree in Computer Science, Computer Engineering or a technical field",0.825636625289917,0.10006864368915558,4.47213595499958,0.03912336006760597,Medium,Low,Medium,Low
0.responsibilities.4,"Achieved over 40% centralization of tasks to an offshore team in India, optimizing resource allocation.",1.down_to_earth.1,"At least 8 years of experience programming with Python, Go, Scala, or C/C++",0.8298850059509277,0.07529735565185547,3.872983346207417,0.03230908140540123,Medium,Low,High,Low
0.responsibilities.4,"Achieved over 40% centralization of tasks to an offshore team in India, optimizing resource allocation.",1.down_to_earth.2,At least 5 years of experience designing and building and deploying enterprise AI or ML applications.,0.8338831067085266,0.22594879567623138,4.358898943540674,0.019138701260089874,Medium,Medium,Medium,Low
0.responsibilities.4,"Achieved over 40% centralization of tasks to an offshore team in India, optimizing resource allocation.",2.other.0,Develop abstracted platform services to support applications powered by Generative AI,0.8408551216125488,0.18063253164291382,4.358898943540674,0.012188978493213654,Medium,Low,Medium,Low
0.responsibilities.4,"Achieved over 40% centralization of tasks to an offshore team in India, optimizing resource allocation.",2.other.1,"Develop SDKs and APIs for our user community to power a wide range of applications such as information retrieval, fraud detection, AI Assistants, recommendations on our Gen AI platform.",0.8358921408653259,0.16646161675453186,5.5677643628300215,0.02395685575902462,Medium,Low,Medium,Low
0.responsibilities.4,"Achieved over 40% centralization of tasks to an offshore team in India, optimizing resource allocation.",2.other.2,"Design and build RAG service platform orchestrations including prompt engineering, guardrails, vector databases, API Grounding",0.8296054601669312,0.22999529540538788,4.898979485566356,0.007557517383247614,Medium,Medium,Medium,Low
0.responsibilities.4,"Achieved over 40% centralization of tasks to an offshore team in India, optimizing resource allocation.",2.other.3,Build out a Prompt management service via cross organizational partnerships,0.8404391407966614,0.24377673864364624,4.123105625617661,0.027947254478931427,Medium,Medium,Medium,Low
0.responsibilities.4,"Achieved over 40% centralization of tasks to an offshore team in India, optimizing resource allocation.",2.other.4,Stay up-to-date with latest advancements in operationalization of machine learning and GenAI Technologies,0.8324410915374756,0.19073817133903503,4.358898943540674,0.012921925634145737,Medium,Low,Medium,Low
0.responsibilities.4,"Achieved over 40% centralization of tasks to an offshore team in India, optimizing resource allocation.",2.other.5,Design and implement capabilities to support MLOps for foundation models.,0.8349487781524658,0.18758586049079895,4.123105625617661,0.12692703306674957,Medium,Low,Medium,Low
0.responsibilities.5,"Developed Python tools to automate and accelerate internal processes, cutting report preparation and data analysis time by over 40%.",1.down_to_earth.0,"Bachelor's degree in Computer Science, Computer Engineering or a technical field",0.8193023204803467,0.11423099040985107,4.898979485566356,0.010443426668643951,Medium,Low,Medium,Low
0.responsibilities.5,"Developed Python tools to automate and accelerate internal processes, cutting report preparation and data analysis time by over 40%.",1.down_to_earth.1,"At least 8 years of experience programming with Python, Go, Scala, or C/C++",0.829893171787262,0.44690027832984924,4.123105625617661,0.0026053553447127342,Medium,Medium,Medium,Low
0.responsibilities.5,"Developed Python tools to automate and accelerate internal processes, cutting report preparation and data analysis time by over 40%.",1.down_to_earth.2,At least 5 years of experience designing and building and deploying enterprise AI or ML applications.,0.8409317135810852,0.31988757848739624,4.795831523312719,0.009531785733997822,Medium,Medium,Medium,Low
0.responsibilities.5,"Developed Python tools to automate and accelerate internal processes, cutting report preparation and data analysis time by over 40%.",2.other.0,Develop abstracted platform services to support applications powered by Generative AI,0.8556070923805237,0.23322676122188568,4.795831523312719,0.012526445090770721,High,Medium,Medium,Low
0.responsibilities.5,"Developed Python tools to automate and accelerate internal processes, cutting report preparation and data analysis time by over 40%.",2.other.1,"Develop SDKs and APIs for our user community to power a wide range of applications such as information retrieval, fraud detection, AI Assistants, recommendations on our Gen AI platform.",0.8498774766921997,0.29204070568084717,5.916079783099616,0.0012130251852795482,Medium,Medium,Medium,Low
0.responsibilities.5,"Developed Python tools to automate and accelerate internal processes, cutting report preparation and data analysis time by over 40%.",2.other.2,"Design and build RAG service platform orchestrations including prompt engineering, guardrails, vector databases, API Grounding",0.8350663185119629,0.20350512862205505,5.291502622129181,0.02430424839258194,Medium,Medium,Medium,Low
0.responsibilities.5,"Developed Python tools to automate and accelerate internal processes, cutting report preparation and data analysis time by over 40%.",2.other.3,Build out a Prompt management service via cross organizational partnerships,0.832953929901123,0.14344605803489685,4.58257569495584,0.0053728134371340275,Medium,Low,Medium,Low
0.responsibilities.5,"Developed Python tools to automate and accelerate internal processes, cutting report preparation and data analysis time by over 40%.",2.other.4,Stay up-to-date with latest advancements in operationalization of machine learning and GenAI Technologies,0.8303995728492737,0.2621564567089081,4.795831523312719,0.022885173559188843,Medium,Medium,Medium,Low
0.responsibilities.5,"Developed Python tools to automate and accelerate internal processes, cutting report preparation and data analysis time by over 40%.",2.other.5,Design and implement capabilities to support MLOps for foundation models.,0.8423153162002563,0.17196999490261078,4.58257569495584,0.06398434191942215,Medium,Low,Medium,Low
0.responsibilities.6,"Collaborated with the engineering services research team to pioneer the engineering services tracker, authored influential publications on market forecasts, the impact of COVID-19 on services, and trends in M&A within the engineering services industry.",1.down_to_earth.0,"Bachelor's degree in Computer Science, Computer Engineering or a technical field",0.8204041719436646,0.19202816486358643,6.6332495807108,0.02647233195602894,Medium,Low,Medium,Low
0.responsibilities.6,"Collaborated with the engineering services research team to pioneer the engineering services tracker, authored influential publications on market forecasts, the impact of COVID-19 on services, and trends in M&A within the engineering services industry.",1.down_to_earth.1,"At least 8 years of experience programming with Python, Go, Scala, or C/C++",0.8213703632354736,0.18887466192245483,6.708203932499369,0.06568428874015808,Medium,Low,Medium,Low
0.responsibilities.6,"Collaborated with the engineering services research team to pioneer the engineering services tracker, authored influential publications on market forecasts, the impact of COVID-19 on services, and trends in M&A within the engineering services industry.",1.down_to_earth.2,At least 5 years of experience designing and building and deploying enterprise AI or ML applications.,0.8248952031135559,0.2846687138080597,7.0,0.05159794166684151,Medium,Medium,Low,Low
0.responsibilities.6,"Collaborated with the engineering services research team to pioneer the engineering services tracker, authored influential publications on market forecasts, the impact of COVID-19 on services, and trends in M&A within the engineering services industry.",2.other.0,Develop abstracted platform services to support applications powered by Generative AI,0.8310637474060059,0.2178177535533905,6.4031242374328485,0.02322443202137947,Medium,Medium,Medium,Low
0.responsibilities.6,"Collaborated with the engineering services research team to pioneer the engineering services tracker, authored influential publications on market forecasts, the impact of COVID-19 on services, and trends in M&A within the engineering services industry.",2.other.1,"Develop SDKs and APIs for our user community to power a wide range of applications such as information retrieval, fraud detection, AI Assistants, recommendations on our Gen AI platform.",0.8283959031105042,0.27933788299560547,7.810249675906654,0.011100245639681816,Medium,Medium,Low,Low
0.responsibilities.6,"Collaborated with the engineering services research team to pioneer the engineering services tracker, authored influential publications on market forecasts, the impact of COVID-19 on services, and trends in M&A within the engineering services industry.",2.other.2,"Design and build RAG service platform orchestrations including prompt engineering, guardrails, vector databases, API Grounding",0.829542875289917,0.377136766910553,6.928203230275509,0.013984577730298042,Medium,Medium,Medium,Low
0.responsibilities.6,"Collaborated with the engineering services research team to pioneer the engineering services tracker, authored influential publications on market forecasts, the impact of COVID-19 on services, and trends in M&A within the engineering services industry.",2.other.3,Build out a Prompt management service via cross organizational partnerships,0.8287408947944641,0.2974621653556824,6.855654600401044,0.04035721346735954,Medium,Medium,Medium,Low
0.responsibilities.6,"Collaborated with the engineering services research team to pioneer the engineering services tracker, authored influential publications on market forecasts, the impact of COVID-19 on services, and trends in M&A within the engineering services industry.",2.other.4,Stay up-to-date with latest advancements in operationalization of machine learning and GenAI Technologies,0.8275275230407715,0.22641471028327942,7.0,0.025100665166974068,Medium,Medium,Low,Low
0.responsibilities.6,"Collaborated with the engineering services research team to pioneer the engineering services tracker, authored influential publications on market forecasts, the impact of COVID-19 on services, and trends in M&A within the engineering services industry.",2.other.5,Design and implement capabilities to support MLOps for foundation models.,0.8285430669784546,0.22218188643455505,6.855654600401044,0.09810835123062134,Medium,Medium,Medium,Low
0.responsibilities.7,"Collaborated with analyst teams across the globe (US, Canada, Latin America, Europe, MEA, APAC) to ensure data quality, meeting deadlines, sharing knowledge/best practices/methodology, and procure new tools.",1.down_to_earth.0,"Bachelor's degree in Computer Science, Computer Engineering or a technical field",0.8023437261581421,0.14540475606918335,5.744562646538029,0.0520998015999794,Medium,Low,Medium,Low
0.responsibilities.7,"Collaborated with analyst teams across the globe (US, Canada, Latin America, Europe, MEA, APAC) to ensure data quality, meeting deadlines, sharing knowledge/best practices/methodology, and procure new tools.",1.down_to_earth.1,"At least 8 years of experience programming with Python, Go, Scala, or C/C++",0.8123308420181274,0.26570066809654236,5.291502622129181,0.03334178775548935,Medium,Medium,Medium,Low
0.responsibilities.7,"Collaborated with analyst teams across the globe (US, Canada, Latin America, Europe, MEA, APAC) to ensure data quality, meeting deadlines, sharing knowledge/best practices/methodology, and procure new tools.",1.down_to_earth.2,At least 5 years of experience designing and building and deploying enterprise AI or ML applications.,0.8041887283325195,0.34352657198905945,5.656854249492381,0.011265468783676624,Medium,Medium,Medium,Low
0.responsibilities.7,"Collaborated with analyst teams across the globe (US, Canada, Latin America, Europe, MEA, APAC) to ensure data quality, meeting deadlines, sharing knowledge/best practices/methodology, and procure new tools.",2.other.0,Develop abstracted platform services to support applications powered by Generative AI,0.8033033609390259,0.11662530153989792,5.656854249492381,0.06222030147910118,Medium,Low,Medium,Low
0.responsibilities.7,"Collaborated with analyst teams across the globe (US, Canada, Latin America, Europe, MEA, APAC) to ensure data quality, meeting deadlines, sharing knowledge/best practices/methodology, and procure new tools.",2.other.1,"Develop SDKs and APIs for our user community to power a wide range of applications such as information retrieval, fraud detection, AI Assistants, recommendations on our Gen AI platform.",0.816807746887207,0.24225515127182007,6.6332495807108,0.01758847013115883,Medium,Medium,Medium,Low
0.responsibilities.7,"Collaborated with analyst teams across the globe (US, Canada, Latin America, Europe, MEA, APAC) to ensure data quality, meeting deadlines, sharing knowledge/best practices/methodology, and procure new tools.",2.other.2,"Design and build RAG service platform orchestrations including prompt engineering, guardrails, vector databases, API Grounding",0.8152026534080505,0.19066272675991058,6.082762530298219,0.04093465581536293,Medium,Low,Medium,Low
0.responsibilities.7,"Collaborated with analyst teams across the globe (US, Canada, Latin America, Europe, MEA, APAC) to ensure data quality, meeting deadlines, sharing knowledge/best practices/methodology, and procure new tools.",2.other.3,Build out a Prompt management service via cross organizational partnerships,0.7991223931312561,0.349997878074646,5.477225575051661,0.5897017121315002,Medium,Medium,Medium,Medium
0.responsibilities.7,"Collaborated with analyst teams across the globe (US, Canada, Latin America, Europe, MEA, APAC) to ensure data quality, meeting deadlines, sharing knowledge/best practices/methodology, and procure new tools.",2.other.4,Stay up-to-date with latest advancements in operationalization of machine learning and GenAI Technologies,0.8054991364479065,0.1783585101366043,5.656854249492381,0.010974525474011898,Medium,Low,Medium,Low
0.responsibilities.7,"Collaborated with analyst teams across the globe (US, Canada, Latin America, Europe, MEA, APAC) to ensure data quality, meeting deadlines, sharing knowledge/best practices/methodology, and procure new tools.",2.other.5,Design and implement capabilities to support MLOps for foundation models.,0.8013702034950256,0.183710515499115,5.477225575051661,0.21844801306724548,Medium,Low,Medium,Medium
1.responsibilities.0,"Full P&L management including budgeting, HR, vendors, partnerships, research, and business development: expanded the programs' bookings by more than 50%.",1.down_to_earth.0,"Bachelor's degree in Computer Science, Computer Engineering or a technical field",0.8180184364318848,0.16848480701446533,4.795831523312719,0.06634920090436935,Medium,Low,Medium,Low
1.responsibilities.0,"Full P&L management including budgeting, HR, vendors, partnerships, research, and business development: expanded the programs' bookings by more than 50%.",1.down_to_earth.1,"At least 8 years of experience programming with Python, Go, Scala, or C/C++",0.8251721858978271,0.17639896273612976,4.242640687119285,0.04912145435810089,Medium,Low,Medium,Low
1.responsibilities.0,"Full P&L management including budgeting, HR, vendors, partnerships, research, and business development: expanded the programs' bookings by more than 50%.",1.down_to_earth.2,At least 5 years of experience designing and building and deploying enterprise AI or ML applications.,0.8210331797599792,0.19658289849758148,4.69041575982343,0.03880190849304199,Medium,Low,Medium,Low
1.responsibilities.0,"Full P&L management including budgeting, HR, vendors, partnerships, research, and business development: expanded the programs' bookings by more than 50%.",2.other.0,Develop abstracted platform services to support applications powered by Generative AI,0.8268145322799683,0.003421671688556671,4.69041575982343,0.0337885320186615,Medium,Low,Medium,Low
1.responsibilities.0,"Full P&L management including budgeting, HR, vendors, partnerships, research, and business development: expanded the programs' bookings by more than 50%.",2.other.1,"Develop SDKs and APIs for our user community to power a wide range of applications such as information retrieval, fraud detection, AI Assistants, recommendations on our Gen AI platform.",0.8407737016677856,-0.017448408529162407,5.830951894845301,0.05070114508271217,Medium,Low,Medium,Low
1.responsibilities.0,"Full P&L management including budgeting, HR, vendors, partnerships, research, and business development: expanded the programs' bookings by more than 50%.",2.other.2,"Design and build RAG service platform orchestrations including prompt engineering, guardrails, vector databases, API Grounding",0.8398516178131104,0.07712815701961517,5.0,0.015594137832522392,Medium,Low,Medium,Low
1.responsibilities.0,"Full P&L management including budgeting, HR, vendors, partnerships, research, and business development: expanded the programs' bookings by more than 50%.",2.other.3,Build out a Prompt management service via cross organizational partnerships,0.8311328291893005,0.3652622699737549,4.0,0.23994503915309906,Medium,Medium,High,Medium
1.responsibilities.0,"Full P&L management including budgeting, HR, vendors, partnerships, research, and business development: expanded the programs' bookings by more than 50%.",2.other.4,Stay up-to-date with latest advancements in operationalization of machine learning and GenAI Technologies,0.821599006652832,0.02471006289124489,4.69041575982343,0.035997748374938965,Medium,Low,Medium,Low
1.responsibilities.0,"Full P&L management including budgeting, HR, vendors, partnerships, research, and business development: expanded the programs' bookings by more than 50%.",2.other.5,Design and implement capabilities to support MLOps for foundation models.,0.8214434385299683,0.1886758804321289,4.47213595499958,0.1387588083744049,Medium,Low,Medium,Low
1.responsibilities.1,"Expanded and managed a global research team of more than 15 (US, India, and Mexico).",1.down_to_earth.0,"Bachelor's degree in Computer Science, Computer Engineering or a technical field",0.8152838945388794,0.057084351778030396,4.242640687119285,0.09084487706422806,Medium,Low,Medium,Low
1.responsibilities.1,"Expanded and managed a global research team of more than 15 (US, India, and Mexico).",1.down_to_earth.1,"At least 8 years of experience programming with Python, Go, Scala, or C/C++",0.8282134532928467,0.16717424988746643,3.605551275463989,0.07950906455516815,Medium,Low,High,Low
1.responsibilities.1,"Expanded and managed a global research team of more than 15 (US, India, and Mexico).",1.down_to_earth.2,At least 5 years of experience designing and building and deploying enterprise AI or ML applications.,0.8266788721084595,0.27918946743011475,4.123105625617661,0.017862558364868164,Medium,Medium,Medium,Low
1.responsibilities.1,"Expanded and managed a global research team of more than 15 (US, India, and Mexico).",2.other.0,Develop abstracted platform services to support applications powered by Generative AI,0.8215861320495605,0.0769447311758995,4.123105625617661,0.014284366741776466,Medium,Low,Medium,Low
1.responsibilities.1,"Expanded and managed a global research team of more than 15 (US, India, and Mexico).",2.other.1,"Develop SDKs and APIs for our user community to power a wide range of applications such as information retrieval, fraud detection, AI Assistants, recommendations on our Gen AI platform.",0.8318848609924316,0.11965538561344147,5.385164807134504,0.00491819204762578,Medium,Low,Medium,Low
1.responsibilities.1,"Expanded and managed a global research team of more than 15 (US, India, and Mexico).",2.other.2,"Design and build RAG service platform orchestrations including prompt engineering, guardrails, vector databases, API Grounding",0.8312711715698242,0.051660437136888504,4.69041575982343,0.011973034590482712,Medium,Low,Medium,Low
1.responsibilities.1,"Expanded and managed a global research team of more than 15 (US, India, and Mexico).",2.other.3,Build out a Prompt management service via cross organizational partnerships,0.824799656867981,0.2663966119289398,3.872983346207417,0.03671163693070412,Medium,Medium,High,Low
1.responsibilities.1,"Expanded and managed a global research team of more than 15 (US, India, and Mexico).",2.other.4,Stay up-to-date with latest advancements in operationalization of machine learning and GenAI Technologies,0.8255757093429565,0.10061664879322052,4.123105625617661,0.012716265395283699,Medium,Low,Medium,Low
1.responsibilities.1,"Expanded and managed a global research team of more than 15 (US, India, and Mexico).",2.other.5,Design and implement capabilities to support MLOps for foundation models.,0.8256232738494873,0.1298423856496811,3.872983346207417,0.10887384414672852,Medium,Low,High,Low
1.responsibilities.2,Led an external software development team to build and implement new tools.,1.down_to_earth.0,"Bachelor's degree in Computer Science, Computer Engineering or a technical field",0.8403257131576538,0.09807093441486359,4.358898943540674,0.04632929340004921,Medium,Low,Medium,Low
1.responsibilities.2,Led an external software development team to build and implement new tools.,1.down_to_earth.1,"At least 8 years of experience programming with Python, Go, Scala, or C/C++",0.8578433990478516,0.3089312016963959,3.7416573867739413,0.005367010831832886,High,Medium,High,Low
1.responsibilities.2,Led an external software development team to build and implement new tools.,1.down_to_earth.2,At least 5 years of experience designing and building and deploying enterprise AI or ML applications.,0.8835432529449463,0.39868050813674927,4.242640687119285,0.002614325378090143,High,Medium,Medium,Low
1.responsibilities.2,Led an external software development team to build and implement new tools.,2.other.0,Develop abstracted platform services to support applications powered by Generative AI,0.8766030073165894,0.3022123873233795,4.242640687119285,0.00978190079331398,High,Medium,Medium,Low
1.responsibilities.2,Led an external software development team to build and implement new tools.,2.other.1,"Develop SDKs and APIs for our user community to power a wide range of applications such as information retrieval, fraud detection, AI Assistants, recommendations on our Gen AI platform.",0.8683306574821472,0.33683839440345764,5.477225575051661,0.0005676235305145383,High,Medium,Medium,Low
1.responsibilities.2,Led an external software development team to build and implement new tools.,2.other.2,"Design and build RAG service platform orchestrations including prompt engineering, guardrails, vector databases, API Grounding",0.8642577528953552,0.30703651905059814,4.58257569495584,0.0017316973535344005,High,Medium,Medium,Low
1.responsibilities.2,Led an external software development team to build and implement new tools.,2.other.3,Build out a Prompt management service via cross organizational partnerships,0.866672158241272,0.3511146903038025,3.7416573867739413,0.03550618514418602,High,Medium,High,Low
1.responsibilities.2,Led an external software development team to build and implement new tools.,2.other.4,Stay up-to-date with latest advancements in operationalization of machine learning and GenAI Technologies,0.8541824817657471,0.25033533573150635,4.242640687119285,0.035972218960523605,High,Medium,Medium,Low
1.responsibilities.2,Led an external software development team to build and implement new tools.,2.other.5,Design and implement capabilities to support MLOps for foundation models.,0.8763405084609985,0.275531142950058,3.7416573867739413,0.00729098916053772,High,Medium,High,Low
1.responsibilities.3,"Championed new technology projects using ML, NLP, chatbot, ontology, web-scraping, API, UX (User Experience).",1.down_to_earth.0,"Bachelor's degree in Computer Science, Computer Engineering or a technical field",0.8131401538848877,0.13013513386249542,4.898979485566356,0.03722591698169708,Medium,Low,Medium,Low
1.responsibilities.3,"Championed new technology projects using ML, NLP, chatbot, ontology, web-scraping, API, UX (User Experience).",1.down_to_earth.1,"At least 8 years of experience programming with Python, Go, Scala, or C/C++",0.8238070607185364,0.37277963757514954,4.123105625617661,0.01320035383105278,Medium,Medium,Medium,Low
1.responsibilities.3,"Championed new technology projects using ML, NLP, chatbot, ontology, web-scraping, API, UX (User Experience).",1.down_to_earth.2,At least 5 years of experience designing and building and deploying enterprise AI or ML applications.,0.8299211263656616,0.4945484697818756,4.358898943540674,0.0033784385304898024,Medium,Medium,Medium,Low
1.responsibilities.3,"Championed new technology projects using ML, NLP, chatbot, ontology, web-scraping, API, UX (User Experience).",2.other.0,Develop abstracted platform services to support applications powered by Generative AI,0.8357373476028442,0.40660807490348816,4.795831523312719,0.02923724614083767,Medium,Medium,Medium,Low
1.responsibilities.3,"Championed new technology projects using ML, NLP, chatbot, ontology, web-scraping, API, UX (User Experience).",2.other.1,"Develop SDKs and APIs for our user community to power a wide range of applications such as information retrieval, fraud detection, AI Assistants, recommendations on our Gen AI platform.",0.8435999155044556,0.483509361743927,5.744562646538029,0.002380918711423874,Medium,Medium,Medium,Low
1.responsibilities.3,"Championed new technology projects using ML, NLP, chatbot, ontology, web-scraping, API, UX (User Experience).",2.other.2,"Design and build RAG service platform orchestrations including prompt engineering, guardrails, vector databases, API Grounding",0.8444852828979492,0.28280168771743774,5.0990195135927845,0.03941933065652847,Medium,Medium,Medium,Low
1.responsibilities.3,"Championed new technology projects using ML, NLP, chatbot, ontology, web-scraping, API, UX (User Experience).",2.other.3,Build out a Prompt management service via cross organizational partnerships,0.810244619846344,0.23919285833835602,4.58257569495584,0.03207520395517349,Medium,Medium,Medium,Low
1.responsibilities.3,"Championed new technology projects using ML, NLP, chatbot, ontology, web-scraping, API, UX (User Experience).",2.other.4,Stay up-to-date with latest advancements in operationalization of machine learning and GenAI Technologies,0.8270174860954285,0.26849639415740967,4.795831523312719,0.011886385269463062,Medium,Medium,Medium,Low
1.responsibilities.3,"Championed new technology projects using ML, NLP, chatbot, ontology, web-scraping, API, UX (User Experience).",2.other.5,Design and implement capabilities to support MLOps for foundation models.,0.8265194892883301,0.2976628839969635,4.58257569495584,0.14859338104724884,Medium,Medium,Medium,Low
1.responsibilities.4,"Led a team to develop automated tools in Python, reducing report preparation time by 40%.",1.down_to_earth.0,"Bachelor's degree in Computer Science, Computer Engineering or a technical field",0.8288470506668091,0.05747948959469795,4.58257569495584,0.04235363006591797,Medium,Low,Medium,Low
1.responsibilities.4,"Led a team to develop automated tools in Python, reducing report preparation time by 40%.",1.down_to_earth.1,"At least 8 years of experience programming with Python, Go, Scala, or C/C++",0.8440217971801758,0.36064743995666504,3.7416573867739413,0.007515409495681524,Medium,Medium,High,Low
1.responsibilities.4,"Led a team to develop automated tools in Python, reducing report preparation time by 40%.",1.down_to_earth.2,At least 5 years of experience designing and building and deploying enterprise AI or ML applications.,0.841488242149353,0.3141309320926666,4.47213595499958,0.02665714919567108,Medium,Medium,Medium,Low
1.responsibilities.4,"Led a team to develop automated tools in Python, reducing report preparation time by 40%.",2.other.0,Develop abstracted platform services to support applications powered by Generative AI,0.8593899011611938,0.1390049010515213,4.242640687119285,0.020393071696162224,High,Low,Medium,Low
1.responsibilities.4,"Led a team to develop automated tools in Python, reducing report preparation time by 40%.",2.other.1,"Develop SDKs and APIs for our user community to power a wide range of applications such as information retrieval, fraud detection, AI Assistants, recommendations on our Gen AI platform.",0.8474760055541992,0.23420293629169464,5.477225575051661,0.00864695105701685,Medium,Medium,Medium,Low
1.responsibilities.4,"Led a team to develop automated tools in Python, reducing report preparation time by 40%.",2.other.2,"Design and build RAG service platform orchestrations including prompt engineering, guardrails, vector databases, API Grounding",0.8421303033828735,0.133389413356781,5.0,0.017908509820699692,Medium,Low,Medium,Low
1.responsibilities.4,"Led a team to develop automated tools in Python, reducing report preparation time by 40%.",2.other.3,Build out a Prompt management service via cross organizational partnerships,0.8485153913497925,0.24219423532485962,4.242640687119285,0.00856995489448309,Medium,Medium,Medium,Low
1.responsibilities.4,"Led a team to develop automated tools in Python, reducing report preparation time by 40%.",2.other.4,Stay up-to-date with latest advancements in operationalization of machine learning and GenAI Technologies,0.8366129398345947,0.2233058512210846,4.47213595499958,0.043083108961582184,Medium,Medium,Medium,Low
1.responsibilities.4,"Led a team to develop automated tools in Python, reducing report preparation time by 40%.",2.other.5,Design and implement capabilities to support MLOps for foundation models.,0.8559153079986572,0.11090037226676941,4.242640687119285,0.08554007112979889,High,Low,Medium,Low
1.responsibilities.5,First in IDC to implement ML (machine learning). First to launch a chatbot. First to implement API (application programming interface). First to build an ontology.,1.down_to_earth.0,"Bachelor's degree in Computer Science, Computer Engineering or a technical field",0.8107142448425293,0.19658225774765015,5.0990195135927845,0.05775604024529457,Medium,Low,Medium,Low
1.responsibilities.5,First in IDC to implement ML (machine learning). First to launch a chatbot. First to implement API (application programming interface). First to build an ontology.,1.down_to_earth.1,"At least 8 years of experience programming with Python, Go, Scala, or C/C++",0.8164669275283813,0.34411418437957764,4.358898943540674,0.008916729129850864,Medium,Medium,Medium,Low
1.responsibilities.5,First in IDC to implement ML (machine learning). First to launch a chatbot. First to implement API (application programming interface). First to build an ontology.,1.down_to_earth.2,At least 5 years of experience designing and building and deploying enterprise AI or ML applications.,0.8357508778572083,0.5369142293930054,4.795831523312719,0.008581251837313175,Medium,High,Medium,Low
1.responsibilities.5,First in IDC to implement ML (machine learning). First to launch a chatbot. First to implement API (application programming interface). First to build an ontology.,2.other.0,Develop abstracted platform services to support applications powered by Generative AI,0.8396552205085754,0.3915809988975525,5.0,0.059379566460847855,Medium,Medium,Medium,Low
1.responsibilities.5,First in IDC to implement ML (machine learning). First to launch a chatbot. First to implement API (application programming interface). First to build an ontology.,2.other.1,"Develop SDKs and APIs for our user community to power a wide range of applications such as information retrieval, fraud detection, AI Assistants, recommendations on our Gen AI platform.",0.8382485508918762,0.5168263912200928,6.082762530298219,0.0017953497590497136,Medium,High,Medium,Low
1.responsibilities.5,First in IDC to implement ML (machine learning). First to launch a chatbot. First to implement API (application programming interface). First to build an ontology.,2.other.2,"Design and build RAG service platform orchestrations including prompt engineering, guardrails, vector databases, API Grounding",0.8349794149398804,0.2746397852897644,5.0990195135927845,0.01905663125216961,Medium,Medium,Medium,Low
1.responsibilities.5,First in IDC to implement ML (machine learning). First to launch a chatbot. First to implement API (application programming interface). First to build an ontology.,2.other.3,Build out a Prompt management service via cross organizational partnerships,0.8135266304016113,0.21484026312828064,4.58257569495584,0.01813487522304058,Medium,Medium,Medium,Low
1.responsibilities.5,First in IDC to implement ML (machine learning). First to launch a chatbot. First to implement API (application programming interface). First to build an ontology.,2.other.4,Stay up-to-date with latest advancements in operationalization of machine learning and GenAI Technologies,0.8297250866889954,0.36390402913093567,4.58257569495584,0.006462475750595331,Medium,Medium,Medium,Low
1.responsibilities.5,First in IDC to implement ML (machine learning). First to launch a chatbot. First to implement API (application programming interface). First to build an ontology.,2.other.5,Design and implement capabilities to support MLOps for foundation models.,0.837984561920166,0.3273666501045227,4.358898943540674,0.37377920746803284,Medium,Medium,Medium,Medium
1.responsibilities.6,Advised services firms on deal pursuit and sales orchestration strategies.,1.down_to_earth.0,"Bachelor's degree in Computer Science, Computer Engineering or a technical field",0.8238224983215332,0.020824383944272995,4.242640687119285,0.08096183091402054,Medium,Low,Medium,Low
1.responsibilities.6,Advised services firms on deal pursuit and sales orchestration strategies.,1.down_to_earth.1,"At least 8 years of experience programming with Python, Go, Scala, or C/C++",0.8212698698043823,0.037404630333185196,3.605551275463989,0.0884900838136673,Medium,Low,High,Low
1.responsibilities.6,Advised services firms on deal pursuit and sales orchestration strategies.,1.down_to_earth.2,At least 5 years of experience designing and building and deploying enterprise AI or ML applications.,0.834740400314331,0.19227808713912964,4.123105625617661,0.09126640111207962,Medium,Low,Medium,Low
1.responsibilities.6,Advised services firms on deal pursuit and sales orchestration strategies.,2.other.0,Develop abstracted platform services to support applications powered by Generative AI,0.8476980924606323,0.19553008675575256,3.872983346207417,0.0420384518802166,Medium,Low,High,Low
1.responsibilities.6,Advised services firms on deal pursuit and sales orchestration strategies.,2.other.1,"Develop SDKs and APIs for our user community to power a wide range of applications such as information retrieval, fraud detection, AI Assistants, recommendations on our Gen AI platform.",0.836563766002655,0.10697650909423828,5.385164807134504,0.056781016290187836,Medium,Low,Medium,Low
1.responsibilities.6,Advised services firms on deal pursuit and sales orchestration strategies.,2.other.2,"Design and build RAG service platform orchestrations including prompt engineering, guardrails, vector databases, API Grounding",0.8414309620857239,0.3422504961490631,4.69041575982343,0.020052634179592133,Medium,Medium,Medium,Low
1.responsibilities.6,Advised services firms on deal pursuit and sales orchestration strategies.,2.other.3,Build out a Prompt management service via cross organizational partnerships,0.8462691307067871,0.39490655064582825,3.872983346207417,0.023607628419995308,Medium,Medium,High,Low
1.responsibilities.6,Advised services firms on deal pursuit and sales orchestration strategies.,2.other.4,Stay up-to-date with latest advancements in operationalization of machine learning and GenAI Technologies,0.8346818685531616,0.11247389018535614,4.123105625617661,0.07444292306900024,Medium,Low,Medium,Low
1.responsibilities.6,Advised services firms on deal pursuit and sales orchestration strategies.,2.other.5,Design and implement capabilities to support MLOps for foundation models.,0.8349475860595703,0.17686277627944946,3.872983346207417,0.034728389233350754,Medium,Low,High,Low
1.responsibilities.7,Advised software vendors on services partnership strategy.,1.down_to_earth.0,"Bachelor's degree in Computer Science, Computer Engineering or a technical field",0.8401833176612854,0.0804603099822998,4.0,0.03720436245203018,Medium,Low,High,Low
1.responsibilities.7,Advised software vendors on services partnership strategy.,1.down_to_earth.1,"At least 8 years of experience programming with Python, Go, Scala, or C/C++",0.8416537046432495,0.1620206981897354,3.3166247903554,0.02001119777560234,Medium,Low,High,Low
1.responsibilities.7,Advised software vendors on services partnership strategy.,1.down_to_earth.2,At least 5 years of experience designing and building and deploying enterprise AI or ML applications.,0.84583979845047,0.2833244502544403,3.872983346207417,0.007969021797180176,Medium,Medium,High,Low
1.responsibilities.7,Advised software vendors on services partnership strategy.,2.other.0,Develop abstracted platform services to support applications powered by Generative AI,0.8679214715957642,0.22276002168655396,3.605551275463989,0.013574307784438133,High,Medium,High,Low
1.responsibilities.7,Advised software vendors on services partnership strategy.,2.other.1,"Develop SDKs and APIs for our user community to power a wide range of applications such as information retrieval, fraud detection, AI Assistants, recommendations on our Gen AI platform.",0.8473557829856873,0.251110315322876,5.196152422706632,0.0241660438477993,Medium,Medium,Medium,Low
1.responsibilities.7,Advised software vendors on services partnership strategy.,2.other.2,"Design and build RAG service platform orchestrations including prompt engineering, guardrails, vector databases, API Grounding",0.8540568947792053,0.37417909502983093,4.47213595499958,0.012659833766520023,High,Medium,Medium,Low
1.responsibilities.7,Advised software vendors on services partnership strategy.,2.other.3,Build out a Prompt management service via cross organizational partnerships,0.8643172383308411,0.5422966480255127,3.605551275463989,0.011458373628556728,High,High,High,Low
1.responsibilities.7,Advised software vendors on services partnership strategy.,2.other.4,Stay up-to-date with latest advancements in operationalization of machine learning and GenAI Technologies,0.8481800556182861,0.1221524327993393,3.872983346207417,0.0407395102083683,Medium,Low,High,Low
1.responsibilities.7,Advised software vendors on services partnership strategy.,2.other.5,Design and implement capabilities to support MLOps for foundation models.,0.8520036935806274,0.28496506810188293,3.605551275463989,0.11273713409900665,High,Medium,High,Low
1.responsibilities.8,"Authored reports, blogs, presentations, & custom researches in go-to-market strategy, deal signing analysis, renewal analysis, buyer studies, technology adoptions (cloud, AI, ML, digital, etc.), and industry trend analysis.",1.down_to_earth.0,"Bachelor's degree in Computer Science, Computer Engineering or a technical field",0.7945057153701782,0.20242179930210114,6.4031242374328485,0.05138929560780525,Medium,Medium,Medium,Low
1.responsibilities.8,"Authored reports, blogs, presentations, & custom researches in go-to-market strategy, deal signing analysis, renewal analysis, buyer studies, technology adoptions (cloud, AI, ML, digital, etc.), and industry trend analysis.",1.down_to_earth.1,"At least 8 years of experience programming with Python, Go, Scala, or C/C++",0.7971981763839722,0.29952672123908997,6.0,0.045045044273138046,Medium,Medium,Medium,Low
1.responsibilities.8,"Authored reports, blogs, presentations, & custom researches in go-to-market strategy, deal signing analysis, renewal analysis, buyer studies, technology adoptions (cloud, AI, ML, digital, etc.), and industry trend analysis.",1.down_to_earth.2,At least 5 years of experience designing and building and deploying enterprise AI or ML applications.,0.801435112953186,0.41714879870414734,6.0,0.013244330883026123,Medium,Medium,Medium,Low
1.responsibilities.8,"Authored reports, blogs, presentations, & custom researches in go-to-market strategy, deal signing analysis, renewal analysis, buyer studies, technology adoptions (cloud, AI, ML, digital, etc.), and industry trend analysis.",2.other.0,Develop abstracted platform services to support applications powered by Generative AI,0.7993955016136169,0.17956919968128204,6.164414002968976,0.045441631227731705,Medium,Low,Medium,Low
1.responsibilities.8,"Authored reports, blogs, presentations, & custom researches in go-to-market strategy, deal signing analysis, renewal analysis, buyer studies, technology adoptions (cloud, AI, ML, digital, etc.), and industry trend analysis.",2.other.1,"Develop SDKs and APIs for our user community to power a wide range of applications such as information retrieval, fraud detection, AI Assistants, recommendations on our Gen AI platform.",0.8202825784683228,0.35187816619873047,6.928203230275509,0.01073571015149355,Medium,Medium,Medium,Low
1.responsibilities.8,"Authored reports, blogs, presentations, & custom researches in go-to-market strategy, deal signing analysis, renewal analysis, buyer studies, technology adoptions (cloud, AI, ML, digital, etc.), and industry trend analysis.",2.other.2,"Design and build RAG service platform orchestrations including prompt engineering, guardrails, vector databases, API Grounding",0.814151406288147,0.19386181235313416,6.708203932499369,0.02309548482298851,Medium,Low,Medium,Low
1.responsibilities.8,"Authored reports, blogs, presentations, & custom researches in go-to-market strategy, deal signing analysis, renewal analysis, buyer studies, technology adoptions (cloud, AI, ML, digital, etc.), and industry trend analysis.",2.other.3,Build out a Prompt management service via cross organizational partnerships,0.789731502532959,0.2560451328754425,6.164414002968976,0.059438880532979965,Medium,Medium,Medium,Low
1.responsibilities.8,"Authored reports, blogs, presentations, & custom researches in go-to-market strategy, deal signing analysis, renewal analysis, buyer studies, technology adoptions (cloud, AI, ML, digital, etc.), and industry trend analysis.",2.other.4,Stay up-to-date with latest advancements in operationalization of machine learning and GenAI Technologies,0.8039166331291199,0.2180146872997284,6.324555320336759,0.010968681424856186,Medium,Medium,Medium,Low
1.responsibilities.8,"Authored reports, blogs, presentations, & custom researches in go-to-market strategy, deal signing analysis, renewal analysis, buyer studies, technology adoptions (cloud, AI, ML, digital, etc.), and industry trend analysis.",2.other.5,Design and implement capabilities to support MLOps for foundation models.,0.7960690855979919,0.2064208984375,6.164414002968976,0.15052632987499237,Medium,Medium,Medium,Low
2.responsibilities.0,Delivered quarterly webinars on outsourcing/managed services signing trends.,1.down_to_earth.0,"Bachelor's degree in Computer Science, Computer Engineering or a technical field",0.8195169568061829,0.09481562674045563,4.242640687119285,0.06741572171449661,Medium,Low,Medium,Low
2.responsibilities.0,Delivered quarterly webinars on outsourcing/managed services signing trends.,1.down_to_earth.1,"At least 8 years of experience programming with Python, Go, Scala, or C/C++",0.8214412927627563,0.18489447236061096,3.605551275463989,0.09960370510816574,Medium,Low,High,Low
2.responsibilities.0,Delivered quarterly webinars on outsourcing/managed services signing trends.,1.down_to_earth.2,At least 5 years of experience designing and building and deploying enterprise AI or ML applications.,0.8331992626190186,0.2761352062225342,4.123105625617661,0.08411546796560287,Medium,Medium,Medium,Low
2.responsibilities.0,Delivered quarterly webinars on outsourcing/managed services signing trends.,2.other.0,Develop abstracted platform services to support applications powered by Generative AI,0.8358173370361328,0.12146026641130447,3.872983346207417,0.01971769705414772,Medium,Low,High,Low
2.responsibilities.0,Delivered quarterly webinars on outsourcing/managed services signing trends.,2.other.1,"Develop SDKs and APIs for our user community to power a wide range of applications such as information retrieval, fraud detection, AI Assistants, recommendations on our Gen AI platform.",0.8289034962654114,0.2417127639055252,5.385164807134504,0.037606410682201385,Medium,Medium,Medium,Low
2.responsibilities.0,Delivered quarterly webinars on outsourcing/managed services signing trends.,2.other.2,"Design and build RAG service platform orchestrations including prompt engineering, guardrails, vector databases, API Grounding",0.8324990272521973,0.2071344256401062,4.69041575982343,0.020206838846206665,Medium,Medium,Medium,Low
2.responsibilities.0,Delivered quarterly webinars on outsourcing/managed services signing trends.,2.other.3,Build out a Prompt management service via cross organizational partnerships,0.8381153345108032,0.308815598487854,3.872983346207417,0.03040970116853714,Medium,Medium,High,Low
2.responsibilities.0,Delivered quarterly webinars on outsourcing/managed services signing trends.,2.other.4,Stay up-to-date with latest advancements in operationalization of machine learning and GenAI Technologies,0.8303751349449158,0.13965079188346863,4.123105625617661,0.029132269322872162,Medium,Low,Medium,Low
2.responsibilities.0,Delivered quarterly webinars on outsourcing/managed services signing trends.,2.other.5,Design and implement capabilities to support MLOps for foundation models.,0.8324458599090576,0.20073986053466797,3.872983346207417,0.07555458694696426,Medium,Medium,High,Low
2.responsibilities.1,Authored 7 to 10 pursuit strategy reports and industry trend research documents.,1.down_to_earth.0,"Bachelor's degree in Computer Science, Computer Engineering or a technical field",0.8098089694976807,0.11091408133506775,4.358898943540674,0.05937795713543892,Medium,Low,Medium,Low
2.responsibilities.1,Authored 7 to 10 pursuit strategy reports and industry trend research documents.,1.down_to_earth.1,"At least 8 years of experience programming with Python, Go, Scala, or C/C++",0.8100907802581787,0.102296382188797,3.7416573867739413,0.08607783168554306,Medium,Low,High,Low
2.responsibilities.1,Authored 7 to 10 pursuit strategy reports and industry trend research documents.,1.down_to_earth.2,At least 5 years of experience designing and building and deploying enterprise AI or ML applications.,0.8187969923019409,0.24947954714298248,4.242640687119285,0.06379801779985428,Medium,Medium,Medium,Low
2.responsibilities.1,Authored 7 to 10 pursuit strategy reports and industry trend research documents.,2.other.0,Develop abstracted platform services to support applications powered by Generative AI,0.826240062713623,0.02672680839896202,4.242640687119285,0.040228988975286484,Medium,Low,Medium,Low
2.responsibilities.1,Authored 7 to 10 pursuit strategy reports and industry trend research documents.,2.other.1,"Develop SDKs and APIs for our user community to power a wide range of applications such as information retrieval, fraud detection, AI Assistants, recommendations on our Gen AI platform.",0.8207008838653564,0.047797225415706635,5.477225575051661,0.020511219277977943,Medium,Low,Medium,Low
2.responsibilities.1,Authored 7 to 10 pursuit strategy reports and industry trend research documents.,2.other.2,"Design and build RAG service platform orchestrations including prompt engineering, guardrails, vector databases, API Grounding",0.8221542835235596,0.09887899458408356,4.795831523312719,0.03593633696436882,Medium,Low,Medium,Low
2.responsibilities.1,Authored 7 to 10 pursuit strategy reports and industry trend research documents.,2.other.3,Build out a Prompt management service via cross organizational partnerships,0.8229424953460693,0.3218556344509125,4.0,0.03475986793637276,Medium,Medium,High,Low
2.responsibilities.1,Authored 7 to 10 pursuit strategy reports and industry trend research documents.,2.other.4,Stay up-to-date with latest advancements in operationalization of machine learning and GenAI Technologies,0.8161720633506775,0.19118347764015198,4.242640687119285,0.03250649571418762,Medium,Low,Medium,Low
2.responsibilities.1,Authored 7 to 10 pursuit strategy reports and industry trend research documents.,2.other.5,Design and implement capabilities to support MLOps for foundation models.,0.818954586982727,0.12256793677806854,4.0,0.10205603390932083,Medium,Low,High,Low
3.responsibilities.0,"Designed and architected a complex company database with 100K+ unique records and integrating DnB API and internal databases, which reduced data duplication by 50%.",1.down_to_earth.0,"Bachelor's degree in Computer Science, Computer Engineering or a technical field",0.8134481310844421,0.1316920667886734,5.196152422706632,0.041486360132694244,Medium,Low,Medium,Low
3.responsibilities.0,"Designed and architected a complex company database with 100K+ unique records and integrating DnB API and internal databases, which reduced data duplication by 50%.",1.down_to_earth.1,"At least 8 years of experience programming with Python, Go, Scala, or C/C++",0.817092776298523,0.04214948043227196,4.69041575982343,0.009132694453001022,Medium,Low,Medium,Low
3.responsibilities.0,"Designed and architected a complex company database with 100K+ unique records and integrating DnB API and internal databases, which reduced data duplication by 50%.",1.down_to_earth.2,At least 5 years of experience designing and building and deploying enterprise AI or ML applications.,0.825017511844635,0.22461602091789246,5.0990195135927845,0.010609458200633526,Medium,Medium,Medium,Low
3.responsibilities.0,"Designed and architected a complex company database with 100K+ unique records and integrating DnB API and internal databases, which reduced data duplication by 50%.",2.other.0,Develop abstracted platform services to support applications powered by Generative AI,0.8351268768310547,0.16431641578674316,5.0990195135927845,0.00864506047219038,Medium,Low,Medium,Low
3.responsibilities.0,"Designed and architected a complex company database with 100K+ unique records and integrating DnB API and internal databases, which reduced data duplication by 50%.",2.other.1,"Develop SDKs and APIs for our user community to power a wide range of applications such as information retrieval, fraud detection, AI Assistants, recommendations on our Gen AI platform.",0.8361493349075317,0.3272863030433655,6.164414002968976,0.003739516017958522,Medium,Medium,Medium,Low
3.responsibilities.0,"Designed and architected a complex company database with 100K+ unique records and integrating DnB API and internal databases, which reduced data duplication by 50%.",2.other.2,"Design and build RAG service platform orchestrations including prompt engineering, guardrails, vector databases, API Grounding",0.8480246663093567,0.26179981231689453,5.196152422706632,0.009234369732439518,Medium,Medium,Medium,Low
3.responsibilities.0,"Designed and architected a complex company database with 100K+ unique records and integrating DnB API and internal databases, which reduced data duplication by 50%.",2.other.3,Build out a Prompt management service via cross organizational partnerships,0.8296845555305481,0.23871099948883057,4.898979485566356,0.02460230514407158,Medium,Medium,Medium,Low
3.responsibilities.0,"Designed and architected a complex company database with 100K+ unique records and integrating DnB API and internal databases, which reduced data duplication by 50%.",2.other.4,Stay up-to-date with latest advancements in operationalization of machine learning and GenAI Technologies,0.8222060203552246,0.1922563910484314,5.0990195135927845,0.0395260751247406,Medium,Low,Medium,Low
3.responsibilities.0,"Designed and architected a complex company database with 100K+ unique records and integrating DnB API and internal databases, which reduced data duplication by 50%.",2.other.5,Design and implement capabilities to support MLOps for foundation models.,0.8432602882385254,0.22121867537498474,4.898979485566356,0.05511961504817009,Medium,Medium,Medium,Low
3.responsibilities.1,Oversaw two Appian implementations that increased team productivity by 20 to 30%.,1.down_to_earth.0,"Bachelor's degree in Computer Science, Computer Engineering or a technical field",0.8307035565376282,0.06962020695209503,4.242640687119285,0.041255440562963486,Medium,Low,Medium,Low
3.responsibilities.1,Oversaw two Appian implementations that increased team productivity by 20 to 30%.,1.down_to_earth.1,"At least 8 years of experience programming with Python, Go, Scala, or C/C++",0.833232045173645,0.16490112245082855,3.605551275463989,0.017007671296596527,Medium,Low,High,Low
3.responsibilities.1,Oversaw two Appian implementations that increased team productivity by 20 to 30%.,1.down_to_earth.2,At least 5 years of experience designing and building and deploying enterprise AI or ML applications.,0.8423260450363159,0.27983328700065613,4.123105625617661,0.017958302050828934,Medium,Medium,Medium,Low
3.responsibilities.1,Oversaw two Appian implementations that increased team productivity by 20 to 30%.,2.other.0,Develop abstracted platform services to support applications powered by Generative AI,0.8546140193939209,0.22966012358665466,4.123105625617661,0.013698557391762733,High,Medium,Medium,Low
3.responsibilities.1,Oversaw two Appian implementations that increased team productivity by 20 to 30%.,2.other.1,"Develop SDKs and APIs for our user community to power a wide range of applications such as information retrieval, fraud detection, AI Assistants, recommendations on our Gen AI platform.",0.8432749509811401,0.31217408180236816,5.385164807134504,0.012806696817278862,Medium,Medium,Medium,Low
3.responsibilities.1,Oversaw two Appian implementations that increased team productivity by 20 to 30%.,2.other.2,"Design and build RAG service platform orchestrations including prompt engineering, guardrails, vector databases, API Grounding",0.8386327028274536,0.20821595191955566,4.69041575982343,0.01225264836102724,Medium,Medium,Medium,Low
3.responsibilities.1,Oversaw two Appian implementations that increased team productivity by 20 to 30%.,2.other.3,Build out a Prompt management service via cross organizational partnerships,0.8436136245727539,0.19699102640151978,3.872983346207417,0.004667958244681358,Medium,Low,High,Low
3.responsibilities.1,Oversaw two Appian implementations that increased team productivity by 20 to 30%.,2.other.4,Stay up-to-date with latest advancements in operationalization of machine learning and GenAI Technologies,0.8378674983978271,0.14756527543067932,4.123105625617661,0.009024988859891891,Medium,Low,Medium,Low
3.responsibilities.1,Oversaw two Appian implementations that increased team productivity by 20 to 30%.,2.other.5,Design and implement capabilities to support MLOps for foundation models.,0.8433869481086731,0.1545865833759308,3.872983346207417,0.04190665856003761,Medium,Low,High,Low
3.responsibilities.2,"Managed daily content operations, including leading a team of offshore and nearshore content team, as well as other sales and research related activities.",1.down_to_earth.0,"Bachelor's degree in Computer Science, Computer Engineering or a technical field",0.8172399401664734,0.07458779215812683,5.385164807134504,0.026754938066005707,Medium,Low,Medium,Low
3.responsibilities.2,"Managed daily content operations, including leading a team of offshore and nearshore content team, as well as other sales and research related activities.",1.down_to_earth.1,"At least 8 years of experience programming with Python, Go, Scala, or C/C++",0.8228842616081238,0.15949448943138123,4.898979485566356,0.054666802287101746,Medium,Low,Medium,Low
3.responsibilities.2,"Managed daily content operations, including leading a team of offshore and nearshore content team, as well as other sales and research related activities.",1.down_to_earth.2,At least 5 years of experience designing and building and deploying enterprise AI or ML applications.,0.8336219787597656,0.2618010640144348,5.291502622129181,0.05505963787436485,Medium,Medium,Medium,Low
3.responsibilities.2,"Managed daily content operations, including leading a team of offshore and nearshore content team, as well as other sales and research related activities.",2.other.0,Develop abstracted platform services to support applications powered by Generative AI,0.8286716938018799,0.18500065803527832,5.291502622129181,0.01897958666086197,Medium,Low,Medium,Low
3.responsibilities.2,"Managed daily content operations, including leading a team of offshore and nearshore content team, as well as other sales and research related activities.",2.other.1,"Develop SDKs and APIs for our user community to power a wide range of applications such as information retrieval, fraud detection, AI Assistants, recommendations on our Gen AI platform.",0.8308005928993225,0.14943599700927734,6.324555320336759,0.007667952217161655,Medium,Low,Medium,Low
3.responsibilities.2,"Managed daily content operations, including leading a team of offshore and nearshore content team, as well as other sales and research related activities.",2.other.2,"Design and build RAG service platform orchestrations including prompt engineering, guardrails, vector databases, API Grounding",0.8357342481613159,0.27427005767822266,5.5677643628300215,0.008244297467172146,Medium,Medium,Medium,Low
3.responsibilities.2,"Managed daily content operations, including leading a team of offshore and nearshore content team, as well as other sales and research related activities.",2.other.3,Build out a Prompt management service via cross organizational partnerships,0.8313781023025513,0.3235647678375244,5.0990195135927845,0.015300774946808815,Medium,Medium,Medium,Low
3.responsibilities.2,"Managed daily content operations, including leading a team of offshore and nearshore content team, as well as other sales and research related activities.",2.other.4,Stay up-to-date with latest advancements in operationalization of machine learning and GenAI Technologies,0.8283065557479858,0.11065301299095154,5.291502622129181,0.057851824909448624,Medium,Low,Medium,Low
3.responsibilities.2,"Managed daily content operations, including leading a team of offshore and nearshore content team, as well as other sales and research related activities.",2.other.5,Design and implement capabilities to support MLOps for foundation models.,0.8272398114204407,0.28912168741226196,5.0990195135927845,0.09077019989490509,Medium,Medium,Medium,Low
3.responsibilities.3,"Analyzed and Modeled 20 to 30 IT vendors' financials and over 1,500 services contracts.",1.down_to_earth.0,"Bachelor's degree in Computer Science, Computer Engineering or a technical field",0.8223468661308289,0.1970834583044052,4.358898943540674,0.023796185851097107,Medium,Low,Medium,Low
3.responsibilities.3,"Analyzed and Modeled 20 to 30 IT vendors' financials and over 1,500 services contracts.",1.down_to_earth.1,"At least 8 years of experience programming with Python, Go, Scala, or C/C++",0.8258792161941528,0.24804607033729553,3.7416573867739413,0.045768413692712784,Medium,Medium,High,Low
3.responsibilities.3,"Analyzed and Modeled 20 to 30 IT vendors' financials and over 1,500 services contracts.",1.down_to_earth.2,At least 5 years of experience designing and building and deploying enterprise AI or ML applications.,0.8310211896896362,0.3595035970211029,4.242640687119285,0.02901075780391693,Medium,Medium,Medium,Low
3.responsibilities.3,"Analyzed and Modeled 20 to 30 IT vendors' financials and over 1,500 services contracts.",2.other.0,Develop abstracted platform services to support applications powered by Generative AI,0.8393786549568176,0.13088588416576385,4.0,0.01517377607524395,Medium,Low,High,Low
3.responsibilities.3,"Analyzed and Modeled 20 to 30 IT vendors' financials and over 1,500 services contracts.",2.other.1,"Develop SDKs and APIs for our user community to power a wide range of applications such as information retrieval, fraud detection, AI Assistants, recommendations on our Gen AI platform.",0.8299622535705566,0.19749964773654938,5.477225575051661,0.0288240984082222,Medium,Low,Medium,Low
3.responsibilities.3,"Analyzed and Modeled 20 to 30 IT vendors' financials and over 1,500 services contracts.",2.other.2,"Design and build RAG service platform orchestrations including prompt engineering, guardrails, vector databases, API Grounding",0.8388050198554993,0.29421043395996094,4.795831523312719,0.005650212522596121,Medium,Medium,Medium,Low
3.responsibilities.3,"Analyzed and Modeled 20 to 30 IT vendors' financials and over 1,500 services contracts.",2.other.3,Build out a Prompt management service via cross organizational partnerships,0.8333064317703247,0.22750245034694672,4.0,0.014315192587673664,Medium,Medium,High,Low
3.responsibilities.3,"Analyzed and Modeled 20 to 30 IT vendors' financials and over 1,500 services contracts.",2.other.4,Stay up-to-date with latest advancements in operationalization of machine learning and GenAI Technologies,0.8308627009391785,0.08456924557685852,4.242640687119285,0.02412404678761959,Medium,Low,Medium,Low
3.responsibilities.3,"Analyzed and Modeled 20 to 30 IT vendors' financials and over 1,500 services contracts.",2.other.5,Design and implement capabilities to support MLOps for foundation models.,0.8375197052955627,0.27833259105682373,4.0,0.05184615030884743,Medium,Medium,High,Low
3.responsibilities.4,Managed three major data integration projects critical to the launch of the new platform.,1.down_to_earth.0,"Bachelor's degree in Computer Science, Computer Engineering or a technical field",0.8518718481063843,0.12408839911222458,4.358898943540674,0.02368607558310032,High,Low,Medium,Low
3.responsibilities.4,Managed three major data integration projects critical to the launch of the new platform.,1.down_to_earth.1,"At least 8 years of experience programming with Python, Go, Scala, or C/C++",0.8573700189590454,0.22987838089466095,3.7416573867739413,0.020684462040662766,High,Medium,High,Low
3.responsibilities.4,Managed three major data integration projects critical to the launch of the new platform.,1.down_to_earth.2,At least 5 years of experience designing and building and deploying enterprise AI or ML applications.,0.8728139400482178,0.2935516834259033,4.242640687119285,0.02610812894999981,High,Medium,Medium,Low
3.responsibilities.4,Managed three major data integration projects critical to the launch of the new platform.,2.other.0,Develop abstracted platform services to support applications powered by Generative AI,0.8813686370849609,0.2844616770744324,4.0,0.02375941164791584,High,Medium,High,Low
3.responsibilities.4,Managed three major data integration projects critical to the launch of the new platform.,2.other.1,"Develop SDKs and APIs for our user community to power a wide range of applications such as information retrieval, fraud detection, AI Assistants, recommendations on our Gen AI platform.",0.8787022829055786,0.29140496253967285,5.291502622129181,0.02049461007118225,High,Medium,Medium,Low
3.responsibilities.4,Managed three major data integration projects critical to the launch of the new platform.,2.other.2,"Design and build RAG service platform orchestrations including prompt engineering, guardrails, vector databases, API Grounding",0.8665303587913513,0.3872103691101074,4.58257569495584,0.010545900091528893,High,Medium,Medium,Low
3.responsibilities.4,Managed three major data integration projects critical to the launch of the new platform.,2.other.3,Build out a Prompt management service via cross organizational partnerships,0.8698589205741882,0.3417278528213501,4.0,0.027824794873595238,High,Medium,High,Low
3.responsibilities.4,Managed three major data integration projects critical to the launch of the new platform.,2.other.4,Stay up-to-date with latest advancements in operationalization of machine learning and GenAI Technologies,0.868843674659729,0.22380070388317108,4.242640687119285,0.03740905597805977,High,Medium,Medium,Low
3.responsibilities.4,Managed three major data integration projects critical to the launch of the new platform.,2.other.5,Design and implement capabilities to support MLOps for foundation models.,0.8699311017990112,0.29032161831855774,4.0,0.15168845653533936,High,Medium,High,Low
3.responsibilities.5,Promoted from Senior Research Analyst to Research Manager in February 2007.,1.down_to_earth.0,"Bachelor's degree in Computer Science, Computer Engineering or a technical field",0.8260344862937927,0.21835985779762268,4.47213595499958,0.051085710525512695,Medium,Medium,Medium,Low
3.responsibilities.5,Promoted from Senior Research Analyst to Research Manager in February 2007.,1.down_to_earth.1,"At least 8 years of experience programming with Python, Go, Scala, or C/C++",0.8309959769248962,0.17422133684158325,3.872983346207417,0.08195233345031738,Medium,Low,High,Low
3.responsibilities.5,Promoted from Senior Research Analyst to Research Manager in February 2007.,1.down_to_earth.2,At least 5 years of experience designing and building and deploying enterprise AI or ML applications.,0.8303565979003906,0.23307761549949646,4.358898943540674,0.021499499678611755,Medium,Medium,Medium,Low
3.responsibilities.5,Promoted from Senior Research Analyst to Research Manager in February 2007.,2.other.0,Develop abstracted platform services to support applications powered by Generative AI,0.8348028659820557,0.06272440403699875,4.358898943540674,0.01359089557081461,Medium,Low,Medium,Low
3.responsibilities.5,Promoted from Senior Research Analyst to Research Manager in February 2007.,2.other.1,"Develop SDKs and APIs for our user community to power a wide range of applications such as information retrieval, fraud detection, AI Assistants, recommendations on our Gen AI platform.",0.8300604820251465,0.0466243252158165,5.5677643628300215,0.005868304055184126,Medium,Low,Medium,Low
3.responsibilities.5,Promoted from Senior Research Analyst to Research Manager in February 2007.,2.other.2,"Design and build RAG service platform orchestrations including prompt engineering, guardrails, vector databases, API Grounding",0.8264478445053101,0.049718357622623444,4.898979485566356,0.012262907810509205,Medium,Low,Medium,Low
3.responsibilities.5,Promoted from Senior Research Analyst to Research Manager in February 2007.,2.other.3,Build out a Prompt management service via cross organizational partnerships,0.8323214054107666,0.26421433687210083,4.123105625617661,0.02401057444512844,Medium,Medium,Medium,Low
3.responsibilities.5,Promoted from Senior Research Analyst to Research Manager in February 2007.,2.other.4,Stay up-to-date with latest advancements in operationalization of machine learning and GenAI Technologies,0.8308196067810059,0.21248823404312134,4.358898943540674,0.025395674630999565,Medium,Medium,Medium,Low
3.responsibilities.5,Promoted from Senior Research Analyst to Research Manager in February 2007.,2.other.5,Design and implement capabilities to support MLOps for foundation models.,0.8310261964797974,0.10306733846664429,4.123105625617661,0.12444336712360382,Medium,Low,Medium,Low
4.responsibilities.0,Researched market dynamics in the Web Services Security market to support product strategy.,1.down_to_earth.0,"Bachelor's degree in Computer Science, Computer Engineering or a technical field",0.8343418836593628,0.11213696002960205,4.69041575982343,0.04880295321345329,Medium,Low,Medium,Low
4.responsibilities.0,Researched market dynamics in the Web Services Security market to support product strategy.,1.down_to_earth.1,"At least 8 years of experience programming with Python, Go, Scala, or C/C++",0.8355833292007446,0.08145172148942947,4.123105625617661,0.06796090304851532,Medium,Low,Medium,Low
4.responsibilities.0,Researched market dynamics in the Web Services Security market to support product strategy.,1.down_to_earth.2,At least 5 years of experience designing and building and deploying enterprise AI or ML applications.,0.8420631885528564,0.2520090639591217,4.58257569495584,0.1410800665616989,Medium,Medium,Medium,Low
4.responsibilities.0,Researched market dynamics in the Web Services Security market to support product strategy.,2.other.0,Develop abstracted platform services to support applications powered by Generative AI,0.8609238266944885,0.13014794886112213,4.123105625617661,0.02405995875597,High,Low,Medium,Low
4.responsibilities.0,Researched market dynamics in the Web Services Security market to support product strategy.,2.other.1,"Develop SDKs and APIs for our user community to power a wide range of applications such as information retrieval, fraud detection, AI Assistants, recommendations on our Gen AI platform.",0.8480643033981323,0.1917916238307953,5.744562646538029,0.0406462661921978,Medium,Low,Medium,Low
4.responsibilities.0,Researched market dynamics in the Web Services Security market to support product strategy.,2.other.2,"Design and build RAG service platform orchestrations including prompt engineering, guardrails, vector databases, API Grounding",0.848335862159729,0.2237389087677002,5.0990195135927845,0.02205285057425499,Medium,Medium,Medium,Low
4.responsibilities.0,Researched market dynamics in the Web Services Security market to support product strategy.,2.other.3,Build out a Prompt management service via cross organizational partnerships,0.8419259190559387,0.2916325628757477,4.358898943540674,0.03479912132024765,Medium,Medium,Medium,Low
4.responsibilities.0,Researched market dynamics in the Web Services Security market to support product strategy.,2.other.4,Stay up-to-date with latest advancements in operationalization of machine learning and GenAI Technologies,0.848475456237793,0.07106970250606537,4.58257569495584,0.10187841951847076,Medium,Low,Medium,Low
4.responsibilities.0,Researched market dynamics in the Web Services Security market to support product strategy.,2.other.5,Design and implement capabilities to support MLOps for foundation models.,0.8528202176094055,0.12954142689704895,4.123105625617661,0.01765270158648491,High,Low,Medium,Low
